keys,Ref No
R5LQYOPT0FL00,S/PAOTH/22/0050
R4F8JBPTJD600,S/AMEND/21/1977
R4FBBQPTJD900,S/AMEND/21/1978
R49AN8PTJ9F00,S/AMEND/21/1964
R45L5WPT0FL00,S/AMEND/21/1942
R41QE4PTJ4400,S/HOU/21/1928
R3Y10VPTJ3E00,S/TPO/21/1924
R3WHZFPT0FL00,S/HOU/21/1921
R3R8O3PTIYE00,S/LDP/21/1898
R3R8NFPTIYC00,S/HOU/21/1897
R3OUH8PTIX800,S/AMEND/21/1889
R3P8SXPT0FL00,S/HOU/21/1894
R3LAP6PTIWA00,S/HOU/21/1887
R3JBPSPT0FL00,S/PHOU/21/1885
R3FICOPTIS100,S/TPO/21/1874
R3FK7DPT0FL00,S/PHOU/21/1875
R3FL5FPTISE00,S/HOU/21/1876
R3DNDHPT0FL00,S/HOU/21/1872
R3FM2UPT0FL00,S/TWC/21/1877
R38C1OPTIPG00,S/HOU/21/1867
R3691SPTINA00,S/21/1860
R36FGTPT0FL00,S/HOU/21/1862
R36MYAPTIP100,S/LDP/21/1864
R366HSPT0FL00,S/PHOU/21/1859
R34XUIPTIN200,S/LDP/21/1857
R32S2ZPTILZ00,S/HOU/21/1842
R32PAJPT04V00,S/HOU/21/1841
R32JPSPTIKT00,S/HOU/21/1840
R30P3BPTIJX00,S/HOU/21/1834
R30UFUPT0PB00,S/PAOTH/21/1837
R2YW0KPT0EE00,S/LDP/21/1829
R32U6VPT04V00,S/TPO/21/1843
R2RO33PTIGQ00,S/HOU/21/1821
R2Z1LHPT0FL00,S/OUT/21/1831
R2RGNQPT0FL00,S/PHOU/21/1818
R2RFRRPTIG700,S/HOU/21/1816
R2RFPPPTIG300,S/HOU/21/1814
R2PMX2PT04V00,S/LDE/21/1807
R2TFS2PT04V00,S/HOU/21/1826
R2PL1LPTIEB00,S/HOU/21/1804
R2Q1QDPTIFU00,S/HOU/21/1812
R2PL4FPTIEE00,S/HOU/21/1805
R2PL4VPTIEG00,S/LDP/21/1806
R2NQDRPTIDK00,S/HOU/21/1798
R2NVYQPTIDS00,S/TPO/21/1800
R2NYQXPTIDZ00,S/TPO/21/1802
R2PVO1PT0FL00,S/HOU/21/1810
R2LVQ2PTICA00,S/HOU/21/1792
R2PQ5KPT0EE00,S/TPO/21/1808
R2IBWMPTIBS00,S/LDP/21/1790
R2GBPZPTI9Q00,S/TPO/21/1782
R2GSF9PTIBH00,S/LDP/21/1788
R2GBPCPTI9O00,S/TPO/21/1781
R2GV7JPTIBK00,S/HRN/21/1789
R2GMUIPTIB900,S/HOU/21/1785
R2GSF2PTIBF00,S/21/1787
R2EUZ6PTI9800,S/ADV/21/1778
R2EPEOPTI8W00,S/LDP/21/1775
R2D5XGPTI8300,S/HOU/21/1771
R2CUSXPTI7T00,S/HOU/21/1769
R2D5Y5PTI8500,S/HOU/21/1772
R2LVKVPT04V00,S/TWC/21/1791
R2CUS1PTI7R00,S/LDP/21/1768
R2CUPFPTI7P00,S/TPO/21/1767
R2ARROPTI5V00,S/HOU/21/1761
R2ARS3PTI5X00,S/HOU/21/1762
R2GQL0PT04V00,S/HOU/21/1786
R2984LPT0EE00,S/AMEND/21/1756
R257OBPTI4A00,S/HOU/21/1750
R23QZ1PTI4200,S/ADV/21/1748
R292K5PT04V00,S/HOU/21/1753
R23FV8PTI2I00,S/21/1746
R23D10PTI2D00,S/LDP/21/1744
R23FUOPTI2G00,S/HOU/21/1745
R221U8PTI2700,S/21/1741
R1ZNOLPTI0000,S/HOU/21/1729
R1ZNQNPTI0800,S/HOU/21/1731
R1WCA7PTHY600,S/HOU/21/1720
R1MM8MPTHRQ00,S/21/1713
R1L8ALPTHR900,S/21/1710
R1J5AZPTHQ700,S/HOU/21/1702
R1DPFLPTHOS00,S/ADV/21/1692
R1DV0DPTHPC00,S/HOU/21/1695
R1DXSTPTHPF00,S/HOU/21/1696
R1WCUVPT0FL00,S/LDP/21/1721
R1WEZ1PT0FL00,S/LDP/21/1722
R166NMPTHKD00,S/ADV/21/1666
R0YJLSPTHG200,S/HOU/21/1650
R0RIU7PTHCB00,S/HOU/21/1635
R0NWB2PTHAK00,S/21/1630
R0GC2UPTH6E00,S/21/1595
QZY1Q5PTGWC00,S/LBC/21/1562
QZVQE4PTGUH00,S/HOU/21/1547
QZRY9GPTGS300,S/21/1533
QZJ8I3PTGP900,S/HOU/21/1520
QZJ2WLPTGOY00,S/LDP/21/1518
QZEZL1PTGL500,S/HOU/21/1497
QYPDFZPTG5H00,S/HOU/21/1433
QYHNMNPTG4M00,S/HOU/21/1427
QYCC2FPTFZY00,S/HOU/21/1414
QYAN4IPT04V00,S/LDP/21/1401
QXKJYEPTFLH00,S/TC/21/1335
QX9OBEPTN2K00,S/21/1310
QX21GIPTN0U00,S/21/1291
QX012APTMZH00,S/21/1281
QWW8XSPTMXI00,S/21/1265
QW0RNRPTMGK00,S/HOU/21/1180
QW0RNVPTMGL00,S/LBC/21/1181
QVI8XKPTM4M00,S/21/1135
QW6LA6PT04V00,S/HOU/21/1194
QUU69LPTLQF00,S/21/1056
QUOUN2PTLNU00,S/21/1023
QTLT84PT0FL00,S/EIA/21/0889
QSXNKTPTKO500,S/HOU/21/0836
QSN5Z2PTKIC00,S/COND/21/0806
QSMXM1PTKHW00,S/HOU/21/0797
QSMXOLPTKHX00,S/LBC/21/0798
QR5GPPPTJMF00,S/RES/21/0607
QLJOR5PTG0H00,S/HOU/20/1660
QLJORNPTG0I00,S/LBC/20/1661
QM78HPPT0FL00,S/20/1716
QA9QU3PTHIL00,S/COND/20/0576
Q106EAPTKZY00,S/COND/19/1697
